date_key,full_date,day,month,month_name,quarter,year,week_number
20250618,2025-06-18,18,6,June,2,2025,25
20250619,2025-06-19,19,6,June,2,2025,25
20250620,2025-06-20,20,6,June,2,2025,25
20250621,2025-06-21,21,6,June,2,2025,25
20250622,2025-06-22,22,6,June,2,2025,25
20250623,2025-06-23,23,6,June,2,2025,26
20250624,2025-06-24,24,6,June,2,2025,26
20250625,2025-06-25,25,6,June,2,2025,26
20250626,2025-06-26,26,6,June,2,2025,26
20250627,2025-06-27,27,6,June,2,2025,26
20250628,2025-06-28,28,6,June,2,2025,26
20250629,2025-06-29,29,6,June,2,2025,26
20250630,2025-06-30,30,6,June,2,2025,27
20250701,2025-07-01,1,7,July,3,2025,27
20250702,2025-07-02,2,7,July,3,2025,27
20250703,2025-07-03,3,7,July,3,2025,27
20250704,2025-07-04,4,7,July,3,2025,27
20250705,2025-07-05,5,7,July,3,2025,27
20250706,2025-07-06,6,7,July,3,2025,27
20250707,2025-07-07,7,7,July,3,2025,28
20250708,2025-07-08,8,7,July,3,2025,28
20250709,2025-07-09,9,7,July,3,2025,28
20250710,2025-07-10,10,7,July,3,2025,28
20250711,2025-07-11,11,7,July,3,2025,28
20250712,2025-07-12,12,7,July,3,2025,28
20250713,2025-07-13,13,7,July,3,2025,28
20250714,2025-07-14,14,7,July,3,2025,29
20250715,2025-07-15,15,7,July,3,2025,29
20250716,2025-07-16,16,7,July,3,2025,29
20250717,2025-07-17,17,7,July,3,2025,29
20250718,2025-07-18,18,7,July,3,2025,29
20250719,2025-07-19,19,7,July,3,2025,29
20250720,2025-07-20,20,7,July,3,2025,29
20250721,2025-07-21,21,7,July,3,2025,30
20250722,2025-07-22,22,7,July,3,2025,30
20250723,2025-07-23,23,7,July,3,2025,30
20250724,2025-07-24,24,7,July,3,2025,30
20250725,2025-07-25,25,7,July,3,2025,30
20250726,2025-07-26,26,7,July,3,2025,30
20250727,2025-07-27,27,7,July,3,2025,30
20250728,2025-07-28,28,7,July,3,2025,31
20250729,2025-07-29,29,7,July,3,2025,31
20250730,2025-07-30,30,7,July,3,2025,31
20250731,2025-07-31,31,7,July,3,2025,31
20250801,2025-08-01,1,8,August,3,2025,31
20250802,2025-08-02,2,8,August,3,2025,31
20250803,2025-08-03,3,8,August,3,2025,31
20250804,2025-08-04,4,8,August,3,2025,32
20250805,2025-08-05,5,8,August,3,2025,32
20250806,2025-08-06,6,8,August,3,2025,32
20250807,2025-08-07,7,8,August,3,2025,32
20250808,2025-08-08,8,8,August,3,2025,32
20250809,2025-08-09,9,8,August,3,2025,32
20250810,2025-08-10,10,8,August,3,2025,32
20250811,2025-08-11,11,8,August,3,2025,33
20250812,2025-08-12,12,8,August,3,2025,33
20250813,2025-08-13,13,8,August,3,2025,33
20250814,2025-08-14,14,8,August,3,2025,33
20250815,2025-08-15,15,8,August,3,2025,33
20250816,2025-08-16,16,8,August,3,2025,33
20250817,2025-08-17,17,8,August,3,2025,33
20250818,2025-08-18,18,8,August,3,2025,34
20250819,2025-08-19,19,8,August,3,2025,34
20250820,2025-08-20,20,8,August,3,2025,34
20250821,2025-08-21,21,8,August,3,2025,34
20250822,2025-08-22,22,8,August,3,2025,34
20250823,2025-08-23,23,8,August,3,2025,34
20250824,2025-08-24,24,8,August,3,2025,34
20250825,2025-08-25,25,8,August,3,2025,35
20250826,2025-08-26,26,8,August,3,2025,35
20250827,2025-08-27,27,8,August,3,2025,35
20250828,2025-08-28,28,8,August,3,2025,35
20250829,2025-08-29,29,8,August,3,2025,35
20250830,2025-08-30,30,8,August,3,2025,35
20250831,2025-08-31,31,8,August,3,2025,35
20250901,2025-09-01,1,9,September,3,2025,36
20250902,2025-09-02,2,9,September,3,2025,36
20250903,2025-09-03,3,9,September,3,2025,36
20250904,2025-09-04,4,9,September,3,2025,36
20250905,2025-09-05,5,9,September,3,2025,36
20250906,2025-09-06,6,9,September,3,2025,36
20250907,2025-09-07,7,9,September,3,2025,36
20250908,2025-09-08,8,9,September,3,2025,37
20250909,2025-09-09,9,9,September,3,2025,37
20250910,2025-09-10,10,9,September,3,2025,37
20250911,2025-09-11,11,9,September,3,2025,37
20250912,2025-09-12,12,9,September,3,2025,37
20250913,2025-09-13,13,9,September,3,2025,37
20250914,2025-09-14,14,9,September,3,2025,37
20250915,2025-09-15,15,9,September,3,2025,38
20250916,2025-09-16,16,9,September,3,2025,38
20250917,2025-09-17,17,9,September,3,2025,38
20250918,2025-09-18,18,9,September,3,2025,38
20250919,2025-09-19,19,9,September,3,2025,38
20250920,2025-09-20,20,9,September,3,2025,38
20250921,2025-09-21,21,9,September,3,2025,38
20250922,2025-09-22,22,9,September,3,2025,39
20250923,2025-09-23,23,9,September,3,2025,39
20250924,2025-09-24,24,9,September,3,2025,39
20250925,2025-09-25,25,9,September,3,2025,39
20250926,2025-09-26,26,9,September,3,2025,39
20250927,2025-09-27,27,9,September,3,2025,39
20250928,2025-09-28,28,9,September,3,2025,39
20250929,2025-09-29,29,9,September,3,2025,40
20250930,2025-09-30,30,9,September,3,2025,40
20251001,2025-10-01,1,10,October,4,2025,40
20251002,2025-10-02,2,10,October,4,2025,40
20251003,2025-10-03,3,10,October,4,2025,40
20251004,2025-10-04,4,10,October,4,2025,40
20251005,2025-10-05,5,10,October,4,2025,40
20251006,2025-10-06,6,10,October,4,2025,41
20251007,2025-10-07,7,10,October,4,2025,41
20251008,2025-10-08,8,10,October,4,2025,41
20251009,2025-10-09,9,10,October,4,2025,41
20251010,2025-10-10,10,10,October,4,2025,41
20251011,2025-10-11,11,10,October,4,2025,41
20251012,2025-10-12,12,10,October,4,2025,41
20251013,2025-10-13,13,10,October,4,2025,42
20251014,2025-10-14,14,10,October,4,2025,42
20251015,2025-10-15,15,10,October,4,2025,42
20251016,2025-10-16,16,10,October,4,2025,42
20251017,2025-10-17,17,10,October,4,2025,42
20251018,2025-10-18,18,10,October,4,2025,42
20251019,2025-10-19,19,10,October,4,2025,42
20251020,2025-10-20,20,10,October,4,2025,43
20251021,2025-10-21,21,10,October,4,2025,43
20251022,2025-10-22,22,10,October,4,2025,43
20251023,2025-10-23,23,10,October,4,2025,43
20251024,2025-10-24,24,10,October,4,2025,43
20251025,2025-10-25,25,10,October,4,2025,43
20251026,2025-10-26,26,10,October,4,2025,43
20251027,2025-10-27,27,10,October,4,2025,44
20251028,2025-10-28,28,10,October,4,2025,44
20251029,2025-10-29,29,10,October,4,2025,44
20251030,2025-10-30,30,10,October,4,2025,44
20251031,2025-10-31,31,10,October,4,2025,44
20251101,2025-11-01,1,11,November,4,2025,44
20251102,2025-11-02,2,11,November,4,2025,44
20251103,2025-11-03,3,11,November,4,2025,45
20251104,2025-11-04,4,11,November,4,2025,45
20251105,2025-11-05,5,11,November,4,2025,45
20251106,2025-11-06,6,11,November,4,2025,45
20251107,2025-11-07,7,11,November,4,2025,45
20251108,2025-11-08,8,11,November,4,2025,45
20251109,2025-11-09,9,11,November,4,2025,45
20251110,2025-11-10,10,11,November,4,2025,46
20251111,2025-11-11,11,11,November,4,2025,46
20251112,2025-11-12,12,11,November,4,2025,46
20251113,2025-11-13,13,11,November,4,2025,46
20251114,2025-11-14,14,11,November,4,2025,46
20251115,2025-11-15,15,11,November,4,2025,46
20251116,2025-11-16,16,11,November,4,2025,46
20251117,2025-11-17,17,11,November,4,2025,47
20251118,2025-11-18,18,11,November,4,2025,47
20251119,2025-11-19,19,11,November,4,2025,47
20251120,2025-11-20,20,11,November,4,2025,47
20251121,2025-11-21,21,11,November,4,2025,47
20251122,2025-11-22,22,11,November,4,2025,47
20251123,2025-11-23,23,11,November,4,2025,47
20251124,2025-11-24,24,11,November,4,2025,48
20251125,2025-11-25,25,11,November,4,2025,48
20251126,2025-11-26,26,11,November,4,2025,48
20251127,2025-11-27,27,11,November,4,2025,48
20251128,2025-11-28,28,11,November,4,2025,48
20251129,2025-11-29,29,11,November,4,2025,48
20251130,2025-11-30,30,11,November,4,2025,48
20251201,2025-12-01,1,12,December,4,2025,49
20251202,2025-12-02,2,12,December,4,2025,49
20251203,2025-12-03,3,12,December,4,2025,49
20251204,2025-12-04,4,12,December,4,2025,49
20251205,2025-12-05,5,12,December,4,2025,49
20251206,2025-12-06,6,12,December,4,2025,49
20251207,2025-12-07,7,12,December,4,2025,49
20251208,2025-12-08,8,12,December,4,2025,50
20251209,2025-12-09,9,12,December,4,2025,50
20251210,2025-12-10,10,12,December,4,2025,50
20251211,2025-12-11,11,12,December,4,2025,50
20251212,2025-12-12,12,12,December,4,2025,50
20251213,2025-12-13,13,12,December,4,2025,50
20251214,2025-12-14,14,12,December,4,2025,50
20251215,2025-12-15,15,12,December,4,2025,51
20251216,2025-12-16,16,12,December,4,2025,51
20251217,2025-12-17,17,12,December,4,2025,51
20251218,2025-12-18,18,12,December,4,2025,51
20251219,2025-12-19,19,12,December,4,2025,51
20251220,2025-12-20,20,12,December,4,2025,51
20251221,2025-12-21,21,12,December,4,2025,51
20251222,2025-12-22,22,12,December,4,2025,52
20251223,2025-12-23,23,12,December,4,2025,52
20251224,2025-12-24,24,12,December,4,2025,52
20251225,2025-12-25,25,12,December,4,2025,52
20251226,2025-12-26,26,12,December,4,2025,52
20251227,2025-12-27,27,12,December,4,2025,52
20251228,2025-12-28,28,12,December,4,2025,52
20251229,2025-12-29,29,12,December,4,2025,1
20251230,2025-12-30,30,12,December,4,2025,1
20251231,2025-12-31,31,12,December,4,2025,1
20260101,2026-01-01,1,1,January,1,2026,1
20260102,2026-01-02,2,1,January,1,2026,1
20260103,2026-01-03,3,1,January,1,2026,1
20260104,2026-01-04,4,1,January,1,2026,1
20260105,2026-01-05,5,1,January,1,2026,2
20260106,2026-01-06,6,1,January,1,2026,2
20260107,2026-01-07,7,1,January,1,2026,2
20260108,2026-01-08,8,1,January,1,2026,2
20260109,2026-01-09,9,1,January,1,2026,2
20260110,2026-01-10,10,1,January,1,2026,2
20260111,2026-01-11,11,1,January,1,2026,2
20260112,2026-01-12,12,1,January,1,2026,3
20260113,2026-01-13,13,1,January,1,2026,3
20260114,2026-01-14,14,1,January,1,2026,3
20260115,2026-01-15,15,1,January,1,2026,3
20260116,2026-01-16,16,1,January,1,2026,3
20260117,2026-01-17,17,1,January,1,2026,3
20260118,2026-01-18,18,1,January,1,2026,3
20260119,2026-01-19,19,1,January,1,2026,4
20260120,2026-01-20,20,1,January,1,2026,4
20260121,2026-01-21,21,1,January,1,2026,4
20260122,2026-01-22,22,1,January,1,2026,4
20260123,2026-01-23,23,1,January,1,2026,4
20260124,2026-01-24,24,1,January,1,2026,4
20260125,2026-01-25,25,1,January,1,2026,4
20260126,2026-01-26,26,1,January,1,2026,5
20260127,2026-01-27,27,1,January,1,2026,5
20260128,2026-01-28,28,1,January,1,2026,5
20260129,2026-01-29,29,1,January,1,2026,5
20260130,2026-01-30,30,1,January,1,2026,5
20260131,2026-01-31,31,1,January,1,2026,5
20260201,2026-02-01,1,2,February,1,2026,5
20260202,2026-02-02,2,2,February,1,2026,6
20260203,2026-02-03,3,2,February,1,2026,6
20260204,2026-02-04,4,2,February,1,2026,6
20260205,2026-02-05,5,2,February,1,2026,6
20260206,2026-02-06,6,2,February,1,2026,6
20260207,2026-02-07,7,2,February,1,2026,6
20260208,2026-02-08,8,2,February,1,2026,6
20260209,2026-02-09,9,2,February,1,2026,7
20260210,2026-02-10,10,2,February,1,2026,7
20260211,2026-02-11,11,2,February,1,2026,7
20260212,2026-02-12,12,2,February,1,2026,7
20260213,2026-02-13,13,2,February,1,2026,7
20260214,2026-02-14,14,2,February,1,2026,7
20260215,2026-02-15,15,2,February,1,2026,7
20260216,2026-02-16,16,2,February,1,2026,8
20260217,2026-02-17,17,2,February,1,2026,8
20260218,2026-02-18,18,2,February,1,2026,8
20260219,2026-02-19,19,2,February,1,2026,8
20260220,2026-02-20,20,2,February,1,2026,8
20260221,2026-02-21,21,2,February,1,2026,8
20260222,2026-02-22,22,2,February,1,2026,8
20260223,2026-02-23,23,2,February,1,2026,9
20260224,2026-02-24,24,2,February,1,2026,9
20260225,2026-02-25,25,2,February,1,2026,9
20260226,2026-02-26,26,2,February,1,2026,9
20260227,2026-02-27,27,2,February,1,2026,9
20260228,2026-02-28,28,2,February,1,2026,9
20260301,2026-03-01,1,3,March,1,2026,9
20260302,2026-03-02,2,3,March,1,2026,10
20260303,2026-03-03,3,3,March,1,2026,10
20260304,2026-03-04,4,3,March,1,2026,10
20260305,2026-03-05,5,3,March,1,2026,10
20260306,2026-03-06,6,3,March,1,2026,10
20260307,2026-03-07,7,3,March,1,2026,10
20260308,2026-03-08,8,3,March,1,2026,10
20260309,2026-03-09,9,3,March,1,2026,11
20260310,2026-03-10,10,3,March,1,2026,11
20260311,2026-03-11,11,3,March,1,2026,11
20260312,2026-03-12,12,3,March,1,2026,11
20260313,2026-03-13,13,3,March,1,2026,11
20260314,2026-03-14,14,3,March,1,2026,11
20260315,2026-03-15,15,3,March,1,2026,11
20260316,2026-03-16,16,3,March,1,2026,12
20260317,2026-03-17,17,3,March,1,2026,12
20260318,2026-03-18,18,3,March,1,2026,12
20260319,2026-03-19,19,3,March,1,2026,12
20260320,2026-03-20,20,3,March,1,2026,12
20260321,2026-03-21,21,3,March,1,2026,12
20260322,2026-03-22,22,3,March,1,2026,12
20260323,2026-03-23,23,3,March,1,2026,13
20260324,2026-03-24,24,3,March,1,2026,13
20260325,2026-03-25,25,3,March,1,2026,13
20260326,2026-03-26,26,3,March,1,2026,13
20260327,2026-03-27,27,3,March,1,2026,13
20260328,2026-03-28,28,3,March,1,2026,13
20260329,2026-03-29,29,3,March,1,2026,13
20260330,2026-03-30,30,3,March,1,2026,14
20260331,2026-03-31,31,3,March,1,2026,14
20260401,2026-04-01,1,4,April,2,2026,14
20260402,2026-04-02,2,4,April,2,2026,14
20260403,2026-04-03,3,4,April,2,2026,14
20260404,2026-04-04,4,4,April,2,2026,14
20260405,2026-04-05,5,4,April,2,2026,14
20260406,2026-04-06,6,4,April,2,2026,15
20260407,2026-04-07,7,4,April,2,2026,15
20260408,2026-04-08,8,4,April,2,2026,15
20260409,2026-04-09,9,4,April,2,2026,15
20260410,2026-04-10,10,4,April,2,2026,15
20260411,2026-04-11,11,4,April,2,2026,15
20260412,2026-04-12,12,4,April,2,2026,15
20260413,2026-04-13,13,4,April,2,2026,16
20260414,2026-04-14,14,4,April,2,2026,16
20260415,2026-04-15,15,4,April,2,2026,16
20260416,2026-04-16,16,4,April,2,2026,16
20260417,2026-04-17,17,4,April,2,2026,16
20260418,2026-04-18,18,4,April,2,2026,16
20260419,2026-04-19,19,4,April,2,2026,16
20260420,2026-04-20,20,4,April,2,2026,17
20260421,2026-04-21,21,4,April,2,2026,17
20260422,2026-04-22,22,4,April,2,2026,17
20260423,2026-04-23,23,4,April,2,2026,17
20260424,2026-04-24,24,4,April,2,2026,17
20260425,2026-04-25,25,4,April,2,2026,17
20260426,2026-04-26,26,4,April,2,2026,17
20260427,2026-04-27,27,4,April,2,2026,18
20260428,2026-04-28,28,4,April,2,2026,18
20260429,2026-04-29,29,4,April,2,2026,18
20260430,2026-04-30,30,4,April,2,2026,18
20260501,2026-05-01,1,5,May,2,2026,18
20260502,2026-05-02,2,5,May,2,2026,18
20260503,2026-05-03,3,5,May,2,2026,18
20260504,2026-05-04,4,5,May,2,2026,19
20260505,2026-05-05,5,5,May,2,2026,19
20260506,2026-05-06,6,5,May,2,2026,19
20260507,2026-05-07,7,5,May,2,2026,19
20260508,2026-05-08,8,5,May,2,2026,19
20260509,2026-05-09,9,5,May,2,2026,19
20260510,2026-05-10,10,5,May,2,2026,19
20260511,2026-05-11,11,5,May,2,2026,20
20260512,2026-05-12,12,5,May,2,2026,20
20260513,2026-05-13,13,5,May,2,2026,20
20260514,2026-05-14,14,5,May,2,2026,20
20260515,2026-05-15,15,5,May,2,2026,20
20260516,2026-05-16,16,5,May,2,2026,20
20260517,2026-05-17,17,5,May,2,2026,20
20260518,2026-05-18,18,5,May,2,2026,21
20260519,2026-05-19,19,5,May,2,2026,21
20260520,2026-05-20,20,5,May,2,2026,21
20260521,2026-05-21,21,5,May,2,2026,21
20260522,2026-05-22,22,5,May,2,2026,21
20260523,2026-05-23,23,5,May,2,2026,21
20260524,2026-05-24,24,5,May,2,2026,21
20260525,2026-05-25,25,5,May,2,2026,22
20260526,2026-05-26,26,5,May,2,2026,22
20260527,2026-05-27,27,5,May,2,2026,22
20260528,2026-05-28,28,5,May,2,2026,22
20260529,2026-05-29,29,5,May,2,2026,22
20260530,2026-05-30,30,5,May,2,2026,22
20260531,2026-05-31,31,5,May,2,2026,22
20260601,2026-06-01,1,6,June,2,2026,23
20260602,2026-06-02,2,6,June,2,2026,23
20260603,2026-06-03,3,6,June,2,2026,23
20260604,2026-06-04,4,6,June,2,2026,23
20260605,2026-06-05,5,6,June,2,2026,23
20260606,2026-06-06,6,6,June,2,2026,23
20260607,2026-06-07,7,6,June,2,2026,23
20260608,2026-06-08,8,6,June,2,2026,24
20260609,2026-06-09,9,6,June,2,2026,24
20260610,2026-06-10,10,6,June,2,2026,24
20260611,2026-06-11,11,6,June,2,2026,24
20260612,2026-06-12,12,6,June,2,2026,24
20260613,2026-06-13,13,6,June,2,2026,24
20260614,2026-06-14,14,6,June,2,2026,24
20260615,2026-06-15,15,6,June,2,2026,25
20260616,2026-06-16,16,6,June,2,2026,25
20260617,2026-06-17,17,6,June,2,2026,25
20260618,2026-06-18,18,6,June,2,2026,25
20260619,2026-06-19,19,6,June,2,2026,25
20260620,2026-06-20,20,6,June,2,2026,25
20260621,2026-06-21,21,6,June,2,2026,25
20260622,2026-06-22,22,6,June,2,2026,26
20260623,2026-06-23,23,6,June,2,2026,26
20260624,2026-06-24,24,6,June,2,2026,26
20260625,2026-06-25,25,6,June,2,2026,26
20260626,2026-06-26,26,6,June,2,2026,26
20260627,2026-06-27,27,6,June,2,2026,26
20260628,2026-06-28,28,6,June,2,2026,26
20260629,2026-06-29,29,6,June,2,2026,27
20260630,2026-06-30,30,6,June,2,2026,27
20260701,2026-07-01,1,7,July,3,2026,27
20260702,2026-07-02,2,7,July,3,2026,27
20260703,2026-07-03,3,7,July,3,2026,27
20260704,2026-07-04,4,7,July,3,2026,27
20260705,2026-07-05,5,7,July,3,2026,27
20260706,2026-07-06,6,7,July,3,2026,28
20260707,2026-07-07,7,7,July,3,2026,28
20260708,2026-07-08,8,7,July,3,2026,28
20260709,2026-07-09,9,7,July,3,2026,28
20260710,2026-07-10,10,7,July,3,2026,28
20260711,2026-07-11,11,7,July,3,2026,28
20260712,2026-07-12,12,7,July,3,2026,28
20260713,2026-07-13,13,7,July,3,2026,29
20260714,2026-07-14,14,7,July,3,2026,29
20260715,2026-07-15,15,7,July,3,2026,29
20260716,2026-07-16,16,7,July,3,2026,29
20260717,2026-07-17,17,7,July,3,2026,29
20260718,2026-07-18,18,7,July,3,2026,29
20260719,2026-07-19,19,7,July,3,2026,29
20260720,2026-07-20,20,7,July,3,2026,30
20260721,2026-07-21,21,7,July,3,2026,30
20260722,2026-07-22,22,7,July,3,2026,30
20260723,2026-07-23,23,7,July,3,2026,30
20260724,2026-07-24,24,7,July,3,2026,30
20260725,2026-07-25,25,7,July,3,2026,30
20260726,2026-07-26,26,7,July,3,2026,30
20260727,2026-07-27,27,7,July,3,2026,31
20260728,2026-07-28,28,7,July,3,2026,31
20260729,2026-07-29,29,7,July,3,2026,31
20260730,2026-07-30,30,7,July,3,2026,31
20260731,2026-07-31,31,7,July,3,2026,31
20260801,2026-08-01,1,8,August,3,2026,31
20260802,2026-08-02,2,8,August,3,2026,31
20260803,2026-08-03,3,8,August,3,2026,32
20260804,2026-08-04,4,8,August,3,2026,32
20260805,2026-08-05,5,8,August,3,2026,32
20260806,2026-08-06,6,8,August,3,2026,32
20260807,2026-08-07,7,8,August,3,2026,32
20260808,2026-08-08,8,8,August,3,2026,32
20260809,2026-08-09,9,8,August,3,2026,32
20260810,2026-08-10,10,8,August,3,2026,33
20260811,2026-08-11,11,8,August,3,2026,33
20260812,2026-08-12,12,8,August,3,2026,33
20260813,2026-08-13,13,8,August,3,2026,33
20260814,2026-08-14,14,8,August,3,2026,33
20260815,2026-08-15,15,8,August,3,2026,33
20260816,2026-08-16,16,8,August,3,2026,33
20260817,2026-08-17,17,8,August,3,2026,34
20260818,2026-08-18,18,8,August,3,2026,34
20260819,2026-08-19,19,8,August,3,2026,34
20260820,2026-08-20,20,8,August,3,2026,34
20260821,2026-08-21,21,8,August,3,2026,34
20260822,2026-08-22,22,8,August,3,2026,34
20260823,2026-08-23,23,8,August,3,2026,34
20260824,2026-08-24,24,8,August,3,2026,35
20260825,2026-08-25,25,8,August,3,2026,35
20260826,2026-08-26,26,8,August,3,2026,35
20260827,2026-08-27,27,8,August,3,2026,35
20260828,2026-08-28,28,8,August,3,2026,35
20260829,2026-08-29,29,8,August,3,2026,35
20260830,2026-08-30,30,8,August,3,2026,35
20260831,2026-08-31,31,8,August,3,2026,36
20260901,2026-09-01,1,9,September,3,2026,36
20260902,2026-09-02,2,9,September,3,2026,36
20260903,2026-09-03,3,9,September,3,2026,36
20260904,2026-09-04,4,9,September,3,2026,36
20260905,2026-09-05,5,9,September,3,2026,36
20260906,2026-09-06,6,9,September,3,2026,36
20260907,2026-09-07,7,9,September,3,2026,37
20260908,2026-09-08,8,9,September,3,2026,37
20260909,2026-09-09,9,9,September,3,2026,37
20260910,2026-09-10,10,9,September,3,2026,37
20260911,2026-09-11,11,9,September,3,2026,37
20260912,2026-09-12,12,9,September,3,2026,37
20260913,2026-09-13,13,9,September,3,2026,37
20260914,2026-09-14,14,9,September,3,2026,38
20260915,2026-09-15,15,9,September,3,2026,38
20260916,2026-09-16,16,9,September,3,2026,38
20260917,2026-09-17,17,9,September,3,2026,38
20260918,2026-09-18,18,9,September,3,2026,38
20260919,2026-09-19,19,9,September,3,2026,38
20260920,2026-09-20,20,9,September,3,2026,38
20260921,2026-09-21,21,9,September,3,2026,39
20260922,2026-09-22,22,9,September,3,2026,39
20260923,2026-09-23,23,9,September,3,2026,39
20260924,2026-09-24,24,9,September,3,2026,39
20260925,2026-09-25,25,9,September,3,2026,39
20260926,2026-09-26,26,9,September,3,2026,39
20260927,2026-09-27,27,9,September,3,2026,39
20260928,2026-09-28,28,9,September,3,2026,40
20260929,2026-09-29,29,9,September,3,2026,40
20260930,2026-09-30,30,9,September,3,2026,40
20261001,2026-10-01,1,10,October,4,2026,40
20261002,2026-10-02,2,10,October,4,2026,40
20261003,2026-10-03,3,10,October,4,2026,40
20261004,2026-10-04,4,10,October,4,2026,40
20261005,2026-10-05,5,10,October,4,2026,41
20261006,2026-10-06,6,10,October,4,2026,41
20261007,2026-10-07,7,10,October,4,2026,41
20261008,2026-10-08,8,10,October,4,2026,41
20261009,2026-10-09,9,10,October,4,2026,41
20261010,2026-10-10,10,10,October,4,2026,41
20261011,2026-10-11,11,10,October,4,2026,41
20261012,2026-10-12,12,10,October,4,2026,42
20261013,2026-10-13,13,10,October,4,2026,42
20261014,2026-10-14,14,10,October,4,2026,42
20261015,2026-10-15,15,10,October,4,2026,42
20261016,2026-10-16,16,10,October,4,2026,42
20261017,2026-10-17,17,10,October,4,2026,42
20261018,2026-10-18,18,10,October,4,2026,42
20261019,2026-10-19,19,10,October,4,2026,43
20261020,2026-10-20,20,10,October,4,2026,43
20261021,2026-10-21,21,10,October,4,2026,43
20261022,2026-10-22,22,10,October,4,2026,43
20261023,2026-10-23,23,10,October,4,2026,43
20261024,2026-10-24,24,10,October,4,2026,43
20261025,2026-10-25,25,10,October,4,2026,43
20261026,2026-10-26,26,10,October,4,2026,44
20261027,2026-10-27,27,10,October,4,2026,44
20261028,2026-10-28,28,10,October,4,2026,44
20261029,2026-10-29,29,10,October,4,2026,44
20261030,2026-10-30,30,10,October,4,2026,44
20261031,2026-10-31,31,10,October,4,2026,44
20261101,2026-11-01,1,11,November,4,2026,44
20261102,2026-11-02,2,11,November,4,2026,45
20261103,2026-11-03,3,11,November,4,2026,45
20261104,2026-11-04,4,11,November,4,2026,45
20261105,2026-11-05,5,11,November,4,2026,45
20261106,2026-11-06,6,11,November,4,2026,45
20261107,2026-11-07,7,11,November,4,2026,45
20261108,2026-11-08,8,11,November,4,2026,45
20261109,2026-11-09,9,11,November,4,2026,46
20261110,2026-11-10,10,11,November,4,2026,46
20261111,2026-11-11,11,11,November,4,2026,46
20261112,2026-11-12,12,11,November,4,2026,46
20261113,2026-11-13,13,11,November,4,2026,46
20261114,2026-11-14,14,11,November,4,2026,46
20261115,2026-11-15,15,11,November,4,2026,46
20261116,2026-11-16,16,11,November,4,2026,47
20261117,2026-11-17,17,11,November,4,2026,47
20261118,2026-11-18,18,11,November,4,2026,47
20261119,2026-11-19,19,11,November,4,2026,47
20261120,2026-11-20,20,11,November,4,2026,47
20261121,2026-11-21,21,11,November,4,2026,47
20261122,2026-11-22,22,11,November,4,2026,47
20261123,2026-11-23,23,11,November,4,2026,48
20261124,2026-11-24,24,11,November,4,2026,48
20261125,2026-11-25,25,11,November,4,2026,48
20261126,2026-11-26,26,11,November,4,2026,48
20261127,2026-11-27,27,11,November,4,2026,48
20261128,2026-11-28,28,11,November,4,2026,48
20261129,2026-11-29,29,11,November,4,2026,48
20261130,2026-11-30,30,11,November,4,2026,49
20261201,2026-12-01,1,12,December,4,2026,49
20261202,2026-12-02,2,12,December,4,2026,49
20261203,2026-12-03,3,12,December,4,2026,49
20261204,2026-12-04,4,12,December,4,2026,49
20261205,2026-12-05,5,12,December,4,2026,49
20261206,2026-12-06,6,12,December,4,2026,49
20261207,2026-12-07,7,12,December,4,2026,50
20261208,2026-12-08,8,12,December,4,2026,50
20261209,2026-12-09,9,12,December,4,2026,50
20261210,2026-12-10,10,12,December,4,2026,50
20261211,2026-12-11,11,12,December,4,2026,50
20261212,2026-12-12,12,12,December,4,2026,50
20261213,2026-12-13,13,12,December,4,2026,50
20261214,2026-12-14,14,12,December,4,2026,51
20261215,2026-12-15,15,12,December,4,2026,51
20261216,2026-12-16,16,12,December,4,2026,51
20261217,2026-12-17,17,12,December,4,2026,51
20261218,2026-12-18,18,12,December,4,2026,51
20261219,2026-12-19,19,12,December,4,2026,51
20261220,2026-12-20,20,12,December,4,2026,51
20261221,2026-12-21,21,12,December,4,2026,52
20261222,2026-12-22,22,12,December,4,2026,52
20261223,2026-12-23,23,12,December,4,2026,52
20261224,2026-12-24,24,12,December,4,2026,52
20261225,2026-12-25,25,12,December,4,2026,52
20261226,2026-12-26,26,12,December,4,2026,52
20261227,2026-12-27,27,12,December,4,2026,52
20261228,2026-12-28,28,12,December,4,2026,53
20261229,2026-12-29,29,12,December,4,2026,53
20261230,2026-12-30,30,12,December,4,2026,53
20261231,2026-12-31,31,12,December,4,2026,53
20270101,2027-01-01,1,1,January,1,2027,53
20270102,2027-01-02,2,1,January,1,2027,53
20270103,2027-01-03,3,1,January,1,2027,53
20270104,2027-01-04,4,1,January,1,2027,1
20270105,2027-01-05,5,1,January,1,2027,1
20270106,2027-01-06,6,1,January,1,2027,1
20270107,2027-01-07,7,1,January,1,2027,1
20270108,2027-01-08,8,1,January,1,2027,1
20270109,2027-01-09,9,1,January,1,2027,1
20270110,2027-01-10,10,1,January,1,2027,1
20270111,2027-01-11,11,1,January,1,2027,2
20270112,2027-01-12,12,1,January,1,2027,2
20270113,2027-01-13,13,1,January,1,2027,2
20270114,2027-01-14,14,1,January,1,2027,2
20270115,2027-01-15,15,1,January,1,2027,2
20270116,2027-01-16,16,1,January,1,2027,2
20270117,2027-01-17,17,1,January,1,2027,2
20270118,2027-01-18,18,1,January,1,2027,3
20270119,2027-01-19,19,1,January,1,2027,3
20270120,2027-01-20,20,1,January,1,2027,3
20270121,2027-01-21,21,1,January,1,2027,3
20270122,2027-01-22,22,1,January,1,2027,3
20270123,2027-01-23,23,1,January,1,2027,3
20270124,2027-01-24,24,1,January,1,2027,3
20270125,2027-01-25,25,1,January,1,2027,4
20270126,2027-01-26,26,1,January,1,2027,4
20270127,2027-01-27,27,1,January,1,2027,4
20270128,2027-01-28,28,1,January,1,2027,4
20270129,2027-01-29,29,1,January,1,2027,4
20270130,2027-01-30,30,1,January,1,2027,4
20270131,2027-01-31,31,1,January,1,2027,4
20270201,2027-02-01,1,2,February,1,2027,5
20270202,2027-02-02,2,2,February,1,2027,5
20270203,2027-02-03,3,2,February,1,2027,5
20270204,2027-02-04,4,2,February,1,2027,5
20270205,2027-02-05,5,2,February,1,2027,5
20270206,2027-02-06,6,2,February,1,2027,5
20270207,2027-02-07,7,2,February,1,2027,5
20270208,2027-02-08,8,2,February,1,2027,6
20270209,2027-02-09,9,2,February,1,2027,6
20270210,2027-02-10,10,2,February,1,2027,6
20270211,2027-02-11,11,2,February,1,2027,6
20270212,2027-02-12,12,2,February,1,2027,6
20270213,2027-02-13,13,2,February,1,2027,6
20270214,2027-02-14,14,2,February,1,2027,6
20270215,2027-02-15,15,2,February,1,2027,7
20270216,2027-02-16,16,2,February,1,2027,7
20270217,2027-02-17,17,2,February,1,2027,7
20270218,2027-02-18,18,2,February,1,2027,7
20270219,2027-02-19,19,2,February,1,2027,7
20270220,2027-02-20,20,2,February,1,2027,7
20270221,2027-02-21,21,2,February,1,2027,7
20270222,2027-02-22,22,2,February,1,2027,8
20270223,2027-02-23,23,2,February,1,2027,8
20270224,2027-02-24,24,2,February,1,2027,8
20270225,2027-02-25,25,2,February,1,2027,8
20270226,2027-02-26,26,2,February,1,2027,8
20270227,2027-02-27,27,2,February,1,2027,8
20270228,2027-02-28,28,2,February,1,2027,8
20270301,2027-03-01,1,3,March,1,2027,9
20270302,2027-03-02,2,3,March,1,2027,9
20270303,2027-03-03,3,3,March,1,2027,9
20270304,2027-03-04,4,3,March,1,2027,9
20270305,2027-03-05,5,3,March,1,2027,9
20270306,2027-03-06,6,3,March,1,2027,9
20270307,2027-03-07,7,3,March,1,2027,9
20270308,2027-03-08,8,3,March,1,2027,10
20270309,2027-03-09,9,3,March,1,2027,10
20270310,2027-03-10,10,3,March,1,2027,10
20270311,2027-03-11,11,3,March,1,2027,10
20270312,2027-03-12,12,3,March,1,2027,10
20270313,2027-03-13,13,3,March,1,2027,10
20270314,2027-03-14,14,3,March,1,2027,10
20270315,2027-03-15,15,3,March,1,2027,11
20270316,2027-03-16,16,3,March,1,2027,11
20270317,2027-03-17,17,3,March,1,2027,11
20270318,2027-03-18,18,3,March,1,2027,11
20270319,2027-03-19,19,3,March,1,2027,11
20270320,2027-03-20,20,3,March,1,2027,11
20270321,2027-03-21,21,3,March,1,2027,11
20270322,2027-03-22,22,3,March,1,2027,12
20270323,2027-03-23,23,3,March,1,2027,12
20270324,2027-03-24,24,3,March,1,2027,12
20270325,2027-03-25,25,3,March,1,2027,12
20270326,2027-03-26,26,3,March,1,2027,12
20270327,2027-03-27,27,3,March,1,2027,12
20270328,2027-03-28,28,3,March,1,2027,12
20270329,2027-03-29,29,3,March,1,2027,13
20270330,2027-03-30,30,3,March,1,2027,13
20270331,2027-03-31,31,3,March,1,2027,13
20270401,2027-04-01,1,4,April,2,2027,13
20270402,2027-04-02,2,4,April,2,2027,13
20270403,2027-04-03,3,4,April,2,2027,13
20270404,2027-04-04,4,4,April,2,2027,13
20270405,2027-04-05,5,4,April,2,2027,14
20270406,2027-04-06,6,4,April,2,2027,14
20270407,2027-04-07,7,4,April,2,2027,14
20270408,2027-04-08,8,4,April,2,2027,14
20270409,2027-04-09,9,4,April,2,2027,14
20270410,2027-04-10,10,4,April,2,2027,14
20270411,2027-04-11,11,4,April,2,2027,14
20270412,2027-04-12,12,4,April,2,2027,15
20270413,2027-04-13,13,4,April,2,2027,15
20270414,2027-04-14,14,4,April,2,2027,15
20270415,2027-04-15,15,4,April,2,2027,15
20270416,2027-04-16,16,4,April,2,2027,15
20270417,2027-04-17,17,4,April,2,2027,15
20270418,2027-04-18,18,4,April,2,2027,15
20270419,2027-04-19,19,4,April,2,2027,16
20270420,2027-04-20,20,4,April,2,2027,16
20270421,2027-04-21,21,4,April,2,2027,16
20270422,2027-04-22,22,4,April,2,2027,16
20270423,2027-04-23,23,4,April,2,2027,16
20270424,2027-04-24,24,4,April,2,2027,16
20270425,2027-04-25,25,4,April,2,2027,16
20270426,2027-04-26,26,4,April,2,2027,17
20270427,2027-04-27,27,4,April,2,2027,17
20270428,2027-04-28,28,4,April,2,2027,17
20270429,2027-04-29,29,4,April,2,2027,17
20270430,2027-04-30,30,4,April,2,2027,17
20270501,2027-05-01,1,5,May,2,2027,17
20270502,2027-05-02,2,5,May,2,2027,17
20270503,2027-05-03,3,5,May,2,2027,18
20270504,2027-05-04,4,5,May,2,2027,18
20270505,2027-05-05,5,5,May,2,2027,18
20270506,2027-05-06,6,5,May,2,2027,18
20270507,2027-05-07,7,5,May,2,2027,18
20270508,2027-05-08,8,5,May,2,2027,18
20270509,2027-05-09,9,5,May,2,2027,18
20270510,2027-05-10,10,5,May,2,2027,19
20270511,2027-05-11,11,5,May,2,2027,19
20270512,2027-05-12,12,5,May,2,2027,19
20270513,2027-05-13,13,5,May,2,2027,19
20270514,2027-05-14,14,5,May,2,2027,19
20270515,2027-05-15,15,5,May,2,2027,19
20270516,2027-05-16,16,5,May,2,2027,19
20270517,2027-05-17,17,5,May,2,2027,20
20270518,2027-05-18,18,5,May,2,2027,20
20270519,2027-05-19,19,5,May,2,2027,20
20270520,2027-05-20,20,5,May,2,2027,20
20270521,2027-05-21,21,5,May,2,2027,20
20270522,2027-05-22,22,5,May,2,2027,20
20270523,2027-05-23,23,5,May,2,2027,20
20270524,2027-05-24,24,5,May,2,2027,21
20270525,2027-05-25,25,5,May,2,2027,21
20270526,2027-05-26,26,5,May,2,2027,21
20270527,2027-05-27,27,5,May,2,2027,21
20270528,2027-05-28,28,5,May,2,2027,21
20270529,2027-05-29,29,5,May,2,2027,21
20270530,2027-05-30,30,5,May,2,2027,21
20270531,2027-05-31,31,5,May,2,2027,22
20270601,2027-06-01,1,6,June,2,2027,22
20270602,2027-06-02,2,6,June,2,2027,22
20270603,2027-06-03,3,6,June,2,2027,22
20270604,2027-06-04,4,6,June,2,2027,22
20270605,2027-06-05,5,6,June,2,2027,22
20270606,2027-06-06,6,6,June,2,2027,22
20270607,2027-06-07,7,6,June,2,2027,23
20270608,2027-06-08,8,6,June,2,2027,23
20270609,2027-06-09,9,6,June,2,2027,23
20270610,2027-06-10,10,6,June,2,2027,23
20270611,2027-06-11,11,6,June,2,2027,23
20270612,2027-06-12,12,6,June,2,2027,23
20270613,2027-06-13,13,6,June,2,2027,23
20270614,2027-06-14,14,6,June,2,2027,24
20270615,2027-06-15,15,6,June,2,2027,24
20270616,2027-06-16,16,6,June,2,2027,24
20270617,2027-06-17,17,6,June,2,2027,24
20270618,2027-06-18,18,6,June,2,2027,24
